City_ID,City,Country,Lat,Lng,Max Temp,Humidity,Cloudiness,Wind Speed,Current Description
0,Xiaoweizhai,CN,26.19,107.51,71.71,75,2,3.53,clear sky
1,Pevek,RU,69.70,170.31,35.04,81,100,19.08,overcast clouds
2,Castro,BR,-24.79,-50.01,51.66,82,0,1.57,clear sky
3,Hay River,CA,60.82,-115.80,82.45,33,0,5.55,clear sky
4,Poum,NC,-20.23,164.02,68.4,64,9,9.33,clear sky
5,Merauke,ID,-8.47,140.33,74.07,80,61,11.32,broken clouds
6,Cherskiy,RU,68.75,161.30,42.42,57,89,15.93,overcast clouds
7,Jamestown,US,42.10,-79.24,71.29,45,20,5.75,few clouds
8,Aranos,NA,-24.13,19.12,56.01,28,0,12.08,clear sky
9,Bluff,NZ,-46.60,168.33,44.8,68,93,9.13,overcast clouds
10,Elhovo,BG,42.17,26.57,86.14,40,14,1.99,few clouds
11,Busselton,AU,-33.65,115.33,54.19,76,100,7.23,overcast clouds
12,Hobart,AU,-42.88,147.33,43.27,89,75,6.91,broken clouds
13,Barrow,US,71.29,-156.79,44.62,81,90,20.71,overcast clouds
14,Acarau,BR,-2.89,-40.12,77.45,74,8,7.78,clear sky
15,Hithadhoo,MV,-0.60,73.08,81.68,69,100,5.19,overcast clouds
16,Alofi,NU,-19.06,-169.92,76.89,73,40,11.5,scattered clouds
17,Dikson,RU,73.51,80.55,50.41,81,81,9.91,broken clouds
18,Pisco,PE,-13.70,-76.22,65.01,77,0,10.36,clear sky
19,Celestun,MX,20.87,-90.40,86.25,68,23,16.89,few clouds
20,Kavieng,PG,-2.57,150.80,82.67,78,28,10.56,light rain
21,Alice Springs,AU,-23.70,133.88,40.55,48,0,4.61,clear sky
22,Petropavlovka,RU,50.61,105.32,57.49,90,100,4.81,moderate rain
23,Tecoanapa,MX,16.52,-98.75,87.42,64,41,10.04,scattered clouds
24,Pittsburg,US,38.03,-121.88,92.46,30,1,4.0,clear sky
25,Taoudenni,ML,22.68,-3.98,94.44,32,99,22.03,overcast clouds
26,Hermanus,ZA,-34.42,19.23,56.89,89,3,9.75,clear sky
27,Georgetown,MY,5.41,100.34,80.89,88,20,3.44,few clouds
28,Saint-Philippe,RE,-21.36,55.77,66.22,67,11,0.51,few clouds
29,Khatanga,RU,71.97,102.50,64.98,62,75,9.62,broken clouds
30,Tuatapere,NZ,-46.13,167.68,44.82,82,99,4.27,overcast clouds
31,Srednekolymsk,RU,67.45,153.68,47.19,54,80,10.18,broken clouds
32,Talcahuano,CL,-36.72,-73.12,62.28,63,0,11.5,clear sky
33,Butaritari,KI,3.07,172.79,82.9,71,35,4.99,scattered clouds
34,Yellowknife,CA,62.46,-114.35,90.12,25,75,9.22,smoke
35,Ratnapura,LK,6.68,80.40,73.76,96,100,3.13,moderate rain
36,Ribeira Grande,PT,38.52,-28.70,73.31,92,48,7.4,scattered clouds
37,Port Elizabeth,ZA,-33.92,25.57,57.49,82,75,12.66,broken clouds
38,Punta Arenas,CL,-53.15,-70.92,41.02,81,40,29.93,light intensity shower rain
39,Yinchuan,CN,38.47,106.27,73.83,51,100,1.25,light rain
40,Bac Lieu,VN,9.29,105.72,79.2,85,97,9.62,overcast clouds
41,Golpayegan,IR,33.45,50.29,73.56,28,80,2.51,broken clouds
42,Grajau,BR,-5.82,-46.14,81.07,28,5,4.05,clear sky
43,Sao Joao Da Barra,BR,-21.64,-41.05,69.89,76,0,11.43,clear sky
44,Lorengau,PG,-2.02,147.27,82.17,80,18,8.86,few clouds
45,Makurdi,NG,7.74,8.51,73.53,95,100,4.41,light rain
46,Olafsvik,IS,64.89,-23.71,53.11,81,100,4.56,overcast clouds
47,Atuona,PF,-9.80,-139.03,77.58,76,22,19.01,few clouds
48,Qaqortoq,GL,60.72,-46.03,54.1,92,92,7.2,overcast clouds
49,Eureka,US,40.80,-124.16,70.2,71,42,4.0,scattered clouds
50,Camacha,PT,33.08,-16.33,69.53,73,40,10.36,scattered clouds
51,Banjar,ID,-8.19,114.97,76.86,91,28,5.5,scattered clouds
52,Chokurdakh,RU,70.63,147.92,47.68,52,63,8.19,broken clouds
53,Paranaiba,BR,-19.68,-51.19,73.11,38,9,7.27,clear sky
54,Mar Del Plata,AR,-38.00,-57.56,55.09,58,0,7.0,clear sky
55,Kapaa,US,22.08,-159.32,84.52,75,20,8.01,few clouds
56,Sao Filipe,CV,14.90,-24.50,76.78,82,32,5.28,scattered clouds
57,Vaini,TO,-21.20,-175.20,73.56,73,40,12.66,scattered clouds
58,San Patricio,US,28.02,-97.52,97.52,43,39,11.83,scattered clouds
59,Nikolskoye,RU,59.70,30.79,63.39,99,100,8.88,moderate rain
60,Kodiak,US,57.79,-152.41,54.91,82,90,6.91,overcast clouds
61,Aviles,ES,43.55,-5.92,65.59,82,40,0.0,scattered clouds
62,Torbay,CA,47.67,-52.73,67.75,67,90,8.05,overcast clouds
63,Marolambo,MG,-20.05,48.12,57.58,96,10,2.82,clear sky
64,Cayenne,GF,4.93,-52.33,83.08,79,44,1.01,scattered clouds
65,Warrnambool,AU,-38.38,142.48,44.82,84,75,13.13,light rain
66,Upernavik,GL,72.79,-56.15,47.19,66,26,1.83,scattered clouds
67,Kokopo,PG,-4.35,152.26,79.52,82,23,6.13,few clouds
68,Bredasdorp,ZA,-34.53,20.04,56.28,93,18,3.44,few clouds
69,Maragogi,BR,-9.01,-35.22,73.18,88,27,11.65,scattered clouds
70,Severo-Kurilsk,RU,50.68,156.12,51.21,77,97,20.36,overcast clouds
71,New Norfolk,AU,-42.78,147.06,42.91,81,100,2.66,light rain
72,Vila Do Maio,CV,15.13,-23.22,79.59,78,73,6.08,broken clouds
73,Chipiona,ES,36.74,-6.44,73.31,88,0,5.75,clear sky
74,Ushuaia,AR,-54.80,-68.30,42.46,61,75,3.44,moderate rain
75,Airai,TL,-8.93,125.41,55.47,81,71,3.38,broken clouds
76,Piacabucu,BR,-10.41,-36.43,72.77,85,19,10.51,few clouds
77,Monki,PL,53.41,22.80,57.67,81,100,7.11,overcast clouds
78,Rikitea,PF,-23.12,-134.97,69.06,57,83,21.63,broken clouds
79,Hoa Binh,VN,20.81,105.34,80.49,89,94,3.2,overcast clouds
80,Mataura,NZ,-46.19,168.86,44.47,95,100,2.28,overcast clouds
81,Bubaque,GW,11.28,-15.83,79.27,82,98,18.72,overcast clouds
82,Cururupu,BR,-1.83,-44.87,75.72,77,64,2.95,broken clouds
83,Samarai,PG,-10.62,150.67,79.18,78,77,13.94,broken clouds
84,Port Hardy,CA,50.70,-127.42,64.58,68,75,5.75,broken clouds
85,Dekar,BW,-21.53,21.93,55.4,30,0,6.2,clear sky
86,Baykit,RU,61.67,96.37,59.83,75,100,4.23,overcast clouds
87,Becerril,CO,9.70,-73.28,86.16,67,97,3.33,overcast clouds
88,Vrangel,RU,42.73,133.08,69.64,94,94,10.33,overcast clouds
89,Bethel,US,41.37,-73.41,80.73,54,75,10.36,broken clouds
90,Cape Town,ZA,-33.93,18.42,57.11,92,0,2.3,fog
91,Mahebourg,MU,-20.41,57.70,59.29,88,20,8.05,few clouds
92,Stornoway,GB,58.21,-6.39,57.16,72,90,3.44,overcast clouds
93,Kathmandu,NP,27.72,85.32,71.82,100,75,2.3,broken clouds
94,Presidencia Roque Saenz Pena,AR,-26.79,-60.44,59.86,42,0,5.59,clear sky
95,Ust-Nera,RU,64.57,143.20,56.26,45,0,4.85,clear sky
96,Leningradskiy,RU,69.38,178.42,33.04,99,100,10.63,light snow
97,Yerbogachen,RU,61.28,108.01,61.9,72,100,3.49,overcast clouds
98,Bengkulu,ID,-3.80,102.27,74.95,89,47,3.51,scattered clouds
99,Erdenet,MN,49.03,104.08,52.0,95,100,9.51,overcast clouds
100,Pangody,RU,65.85,74.49,60.26,70,99,5.17,overcast clouds
101,Tiksi,RU,71.69,128.87,50.22,63,73,3.94,broken clouds
102,Albany,US,42.60,-73.97,78.28,49,13,11.16,few clouds
103,Yulara,AU,-25.24,130.99,35.44,69,0,6.91,clear sky
104,Anadyr,RU,64.75,177.48,41.5,93,90,24.0,light rain
105,Vardo,NO,70.37,31.11,47.95,83,20,2.55,few clouds
106,Muros,ES,42.78,-9.06,63.1,87,80,8.32,broken clouds
107,Hasaki,JP,35.73,140.83,81.0,87,97,10.94,overcast clouds
108,Anshun,CN,26.25,105.93,65.34,74,0,2.86,clear sky
109,Mehamn,NO,71.04,27.85,48.11,83,43,2.37,scattered clouds
110,Grande Prairie,CA,55.17,-118.80,77.18,57,90,3.44,smoke
111,Nouakchott,MR,18.09,-15.98,80.53,86,93,6.87,overcast clouds
112,Ustye,RU,59.63,39.74,66.2,95,100,12.12,overcast clouds
113,Kloulklubed,PW,7.04,134.26,79.3,78,66,13.27,broken clouds
114,Birao,CF,10.28,22.79,70.52,95,77,4.43,light rain
115,Naze,JP,28.37,129.48,77.99,86,61,15.99,broken clouds
116,Faanui,PF,-16.48,-151.75,79.12,76,58,16.73,broken clouds
117,Port Alfred,ZA,-33.59,26.89,58.08,81,35,20.38,scattered clouds
118,Pokhara,NP,28.23,83.98,72.41,94,100,1.72,overcast clouds
119,Tateyama,JP,34.98,139.87,82.09,81,70,10.36,broken clouds
120,Clyde River,CA,70.47,-68.59,43.03,81,20,9.22,few clouds
121,San Vicente,AR,-26.62,-54.13,50.65,66,0,3.29,clear sky
122,Avarua,CK,-21.21,-159.78,77.05,88,90,9.22,moderate rain
123,Tuktoyaktuk,CA,69.45,-133.04,50.0,87,90,9.22,light rain
124,Iqaluit,CA,63.75,-68.51,51.53,93,75,4.0,fog
125,Puerto Ayora,EC,-0.74,-90.35,78.76,84,70,11.36,broken clouds
126,Prachatice,CZ,49.01,14.00,57.18,92,16,5.53,few clouds
127,Ipoti,NG,7.87,5.08,67.69,97,100,3.02,overcast clouds
128,Sambava,MG,-14.27,50.17,68.36,89,13,8.03,few clouds
129,Longyearbyen,SJ,78.22,15.64,46.24,76,75,19.57,light rain
130,Dhidhdhoo,MV,6.88,73.10,82.17,73,90,8.08,overcast clouds
131,Kahului,US,20.89,-156.47,85.26,65,40,23.02,scattered clouds
132,Pahrump,US,36.21,-115.98,102.94,14,2,4.0,clear sky
133,Constitucion,CL,-35.33,-72.42,56.34,70,0,10.42,clear sky
134,Hilo,US,19.73,-155.09,80.33,75,90,5.75,light rain
135,Hofn,IS,64.25,-15.21,53.47,86,91,8.37,overcast clouds
136,Dongsheng,CN,39.82,109.98,66.6,64,100,17.31,heavy intensity rain
137,Xining,CN,36.62,101.77,57.34,94,100,1.92,overcast clouds
138,Juneau,US,58.30,-134.42,67.84,81,90,5.01,overcast clouds
139,Gdov,RU,58.74,27.81,59.99,85,99,10.27,overcast clouds
140,Takahashi,JP,34.78,133.62,76.75,80,33,1.97,scattered clouds
141,Mount Isa,AU,-20.73,139.50,64.17,34,75,17.27,broken clouds
142,Broken Hill,AU,-31.95,141.43,40.71,93,5,17.27,clear sky
143,Lata,PT,40.16,-8.33,68.04,92,21,2.51,few clouds
144,Huarmey,PE,-10.07,-78.15,68.56,73,3,10.85,clear sky
145,Kaitangata,NZ,-46.28,169.85,46.92,64,100,9.91,overcast clouds
146,Cabo San Lucas,MX,22.89,-109.91,99.81,49,75,17.27,broken clouds
147,Tual,ID,-5.67,132.75,81.45,73,96,18.79,overcast clouds
148,San Cristobal,VE,7.77,-72.22,82.58,90,100,6.08,overcast clouds
149,Puerto Escondido,MX,15.85,-97.07,90.43,62,40,8.05,scattered clouds
150,Gaya,IN,24.78,85.00,80.51,83,75,0.0,mist
151,Sitka,US,57.05,-135.33,62.49,72,90,10.36,overcast clouds
152,Ulladulla,AU,-35.35,150.47,57.87,79,62,11.12,broken clouds
153,Regen,DE,48.97,13.13,57.51,80,33,1.61,scattered clouds
154,Buritis,BR,-15.62,-46.42,70.09,39,7,4.03,clear sky
155,Avera,US,33.19,-82.53,94.91,35,14,4.32,few clouds
156,Buin,CL,-33.73,-70.75,80.92,28,0,2.21,clear sky
157,Wilmington,US,34.23,-77.94,85.96,85,75,6.91,broken clouds
158,Sola,VU,-13.88,167.55,75.87,65,75,5.75,broken clouds
159,Sabang,ID,5.89,95.32,82.51,75,99,20.87,light rain
160,Green River,US,41.53,-109.47,82.8,37,75,17.81,broken clouds
161,Kysyl-Syr,RU,63.90,122.76,64.81,49,0,6.73,clear sky
162,Banepa,NP,27.63,85.52,70.12,100,75,2.3,broken clouds
163,Mitsamiouli,KM,-11.38,43.28,75.9,71,0,2.82,clear sky
164,Saskylakh,RU,71.92,114.08,64.53,61,24,7.9,few clouds
165,Honiara,SB,-9.43,159.95,80.08,78,24,5.1,few clouds
166,Arraial Do Cabo,BR,-22.97,-42.03,73.36,77,0,11.5,clear sky
167,Uglovka,RU,58.24,33.51,59.22,97,66,16.15,light rain
168,Thompson,CA,55.74,-97.86,77.16,47,20,5.75,smoke
169,Khipro,PK,25.83,69.38,83.23,71,48,19.33,scattered clouds
170,Fort Frances,CA,48.60,-93.40,83.16,38,40,1.01,haze
171,Momil,CO,9.24,-75.67,81.23,84,100,5.55,overcast clouds
172,Kudahuvadhoo,MV,2.67,72.89,81.79,72,100,5.75,overcast clouds
173,Ostrovnoy,RU,68.05,39.51,51.82,96,72,4.99,broken clouds
174,Tasiilaq,GL,65.61,-37.64,46.56,83,100,2.59,overcast clouds
175,Lebu,CL,-37.62,-73.65,52.68,76,21,19.98,few clouds
176,Victor Harbor,AU,-35.57,138.62,52.72,74,53,21.85,light rain
177,Qena,EG,26.16,32.72,89.71,13,0,8.41,clear sky
178,East London,ZA,-33.02,27.91,59.68,79,63,17.63,broken clouds
179,Mazagao,BR,-0.12,-51.29,87.85,70,55,5.48,broken clouds
180,Coquimbo,CL,-29.95,-71.34,58.73,72,0,9.22,clear sky
181,Weligama,LK,5.97,80.42,77.92,87,100,11.95,overcast clouds
182,Itarema,BR,-2.92,-39.92,77.41,74,6,8.16,clear sky
183,Pemangkat,ID,1.17,108.97,78.3,87,81,6.69,broken clouds
184,Ancud,CL,-41.87,-73.82,54.93,98,100,3.6,overcast clouds
185,Palamedu,IN,10.12,78.12,78.8,62,91,4.81,overcast clouds
186,Northam,GB,51.03,-4.22,57.72,92,27,6.64,scattered clouds
187,Grao Mogol,BR,-16.56,-42.89,57.85,52,88,1.19,overcast clouds
188,Mariental,NA,-24.63,17.97,58.39,24,0,14.03,clear sky
189,Nenjiang,CN,49.18,125.22,60.78,90,100,6.58,overcast clouds
190,Am Timan,TD,11.03,20.28,72.52,96,100,9.62,heavy intensity rain
191,Touros,BR,-5.20,-35.46,76.1,81,24,16.49,few clouds
192,Mogadishu,SO,2.04,45.34,75.88,85,75,18.48,broken clouds
193,Tangua,BR,-22.73,-42.71,73.15,87,0,3.29,clear sky
194,Mumbwa,ZM,-14.98,27.06,57.87,47,0,4.34,clear sky
195,Lavrentiya,RU,65.58,-171.00,44.69,99,100,8.39,moderate rain
196,Vila Velha,BR,-20.33,-40.29,73.96,78,0,1.14,clear sky
197,Manta,EC,-0.95,-80.73,78.58,69,20,11.5,few clouds
198,Hauterive,FR,46.09,3.45,66.96,80,58,3.65,broken clouds
199,Brigantine,US,39.41,-74.36,82.33,49,1,9.22,clear sky
200,Roma,US,43.21,-75.46,73.96,54,20,1.01,few clouds
201,Vostok,RU,46.49,135.88,70.12,80,55,0.92,broken clouds
202,Saint George,US,37.10,-113.58,102.79,21,1,4.0,clear sky
203,Wyoming,US,43.00,-107.50,85.05,17,96,6.38,overcast clouds
204,Bambous Virieux,MU,-20.34,57.76,59.25,88,20,8.05,few clouds
205,Olavarria,AR,-36.89,-60.32,48.2,68,5,7.11,clear sky
206,Lahij,YE,13.17,44.58,86.65,49,96,3.06,overcast clouds
207,Nalut,LY,30.33,10.85,89.69,14,0,13.56,clear sky
208,Cancun,MX,21.17,-86.85,89.53,66,40,11.5,scattered clouds
209,Nanortalik,GL,60.14,-45.24,44.62,93,96,2.04,light rain
210,Sobolevo,RU,54.43,31.90,61.12,84,37,9.4,scattered clouds
211,Denpasar,ID,-8.65,115.22,76.66,94,75,13.8,broken clouds
212,Dafeng,CN,23.45,108.59,79.75,86,18,3.09,few clouds
213,Kyren,RU,51.68,102.14,55.17,95,100,1.3,overcast clouds
214,Karaton,ID,-6.34,106.10,77.95,95,80,1.21,broken clouds
215,Pokrovsk,UA,48.28,37.18,73.58,57,6,6.73,clear sky
216,Chulman,RU,56.85,124.91,54.64,90,72,5.82,broken clouds
217,Puro,PH,12.48,123.38,83.08,78,100,21.16,overcast clouds
218,Te Anau,NZ,-45.42,167.72,40.66,90,45,1.54,scattered clouds
219,Qaanaaq,GL,77.48,-69.36,45.12,66,100,3.47,overcast clouds
220,Hualmay,PE,-11.10,-77.61,66.45,75,8,9.13,clear sky
221,Petropavlovsk-Kamchatskiy,RU,53.05,158.65,54.19,94,40,4.47,scattered clouds
222,Illela,NG,13.73,5.30,80.33,75,81,7.34,broken clouds
223,Bandarbeyla,SO,9.49,50.81,77.4,77,14,31.16,few clouds
224,Saldanha,ZA,-33.01,17.94,55.45,71,0,5.28,clear sky
225,Saint-Joseph,RE,-21.37,55.62,65.21,67,6,1.45,clear sky
226,Thyboron,DK,56.70,8.21,59.18,68,96,18.05,overcast clouds
227,Petropavlivka,UA,48.46,36.44,72.63,71,32,7.76,scattered clouds
228,Troyes,FR,48.33,4.08,61.14,82,0,5.75,clear sky
229,Fortuna,US,40.60,-124.16,70.93,70,20,5.01,few clouds
230,General Roca,AR,-39.03,-67.58,66.6,25,55,9.24,broken clouds
231,Caborca,MX,30.58,-111.10,98.49,25,7,6.55,clear sky
232,Mangai,CD,-4.05,19.53,73.2,27,65,3.06,broken clouds
233,Diffa,NE,13.32,12.61,83.62,61,76,5.75,broken clouds
234,The Pas,CA,53.83,-101.25,86.02,48,90,7.27,haze
235,Morehead,US,37.27,-87.18,81.86,47,1,1.99,clear sky
236,Tangshan,CN,39.63,118.18,68.52,87,6,4.18,light rain
237,Souillac,MU,-20.52,57.52,59.38,88,20,8.05,few clouds
238,Santa Marta,CO,11.24,-74.20,86.34,81,100,7.34,overcast clouds
239,Lethem,GY,3.38,-59.80,77.88,83,99,1.16,overcast clouds
240,Oruro,BO,-17.98,-67.15,52.02,35,81,8.55,broken clouds
241,Paslek,PL,54.06,19.66,62.56,72,11,11.03,few clouds
242,Andenes,NO,69.31,16.12,46.38,87,90,8.05,overcast clouds
243,Imbituba,BR,-28.24,-48.67,61.83,91,45,8.37,scattered clouds
244,Lokoja,NG,7.80,6.74,73.27,93,99,1.59,overcast clouds
245,Kieta,PG,-6.22,155.63,80.89,82,39,3.74,scattered clouds
246,Jacqueville,CI,5.21,-4.41,76.91,86,37,8.81,scattered clouds
247,Sistranda,NO,63.73,8.83,52.9,69,34,5.19,scattered clouds
248,Dunedin,NZ,-45.87,170.50,45.81,70,100,20.0,overcast clouds
249,Lompoc,US,34.64,-120.46,95.02,65,1,14.97,clear sky
250,Codrington,AU,-38.27,141.97,43.2,93,100,8.46,light rain
251,Povolzhskiy,RU,53.59,49.76,76.62,46,56,5.86,broken clouds
252,Dingle,PH,11.00,122.67,79.0,86,100,9.98,light rain
253,Muli,MV,2.92,73.57,81.88,70,100,4.74,overcast clouds
254,Buraydah,SA,26.33,43.98,86.45,9,6,5.59,clear sky
255,Faaborg,DK,55.10,10.24,59.0,68,100,12.75,overcast clouds
256,Sawtell,AU,-30.38,153.10,63.19,96,75,10.36,light rain
257,Shakhtinsk,KZ,49.71,72.59,55.96,55,1,10.98,clear sky
258,Dzilam Gonzalez,MX,21.28,-88.93,88.75,59,16,10.85,few clouds
259,Nome,US,64.50,-165.41,58.15,88,90,18.41,light rain
260,Bassano,CA,50.78,-112.47,83.59,27,100,5.01,overcast clouds
261,Cooma,AU,-36.23,149.13,38.97,93,40,11.5,scattered clouds
262,Novoselitskoye,RU,44.75,43.44,71.47,59,18,3.31,few clouds
263,Barcelona,ES,41.39,2.16,76.75,83,75,1.01,broken clouds
264,Hostotipaquillo,MX,21.07,-104.07,85.3,40,6,1.14,clear sky
265,Kungsbacka,SE,57.49,12.08,62.08,84,47,2.08,scattered clouds
266,Abancay,PE,-13.63,-72.88,62.35,58,76,7.54,broken clouds
267,Yarada,IN,17.65,83.27,84.52,79,40,11.5,scattered clouds
268,Seoul,KR,37.57,126.98,76.51,97,75,4.61,broken clouds
269,Kefamenanu,ID,-9.45,124.48,72.03,80,97,6.04,overcast clouds
270,Gambo,CF,4.65,22.26,68.94,97,81,2.1,broken clouds
271,Poronaysk,RU,49.22,143.12,61.74,75,0,7.11,clear sky
272,Rosarito,MX,32.33,-117.03,106.41,49,55,13.89,broken clouds
273,Finnsnes,NO,69.23,17.98,46.36,93,100,5.93,light rain
274,Mutare,ZW,-18.97,32.67,52.23,54,0,4.05,clear sky
275,San Quintin,MX,30.48,-115.95,78.48,56,1,15.52,clear sky
276,Kharan,PK,28.58,65.42,86.86,11,58,5.39,broken clouds
277,Maues,BR,-3.38,-57.72,76.48,84,91,1.81,overcast clouds
278,Teguise,ES,29.06,-13.56,68.22,78,20,18.41,few clouds
279,Ambulu,ID,-8.35,113.61,74.88,93,95,4.92,overcast clouds
280,Ancona,IT,43.55,13.17,75.34,48,59,4.0,broken clouds
281,Nampula,MZ,-15.12,39.27,57.76,85,0,3.67,clear sky
282,Chauk,MM,20.88,94.82,78.3,84,99,11.95,overcast clouds
283,Kanniyakumari,IN,8.08,77.57,79.0,80,100,20.38,overcast clouds
284,Flinders,AU,-34.58,150.86,58.05,88,65,1.01,broken clouds
285,Comodoro Rivadavia,AR,-45.87,-67.50,62.46,36,20,19.57,few clouds
286,Arlit,NE,18.74,7.39,93.56,29,100,8.9,overcast clouds
287,Panguna,PG,-6.32,155.48,73.42,87,43,1.48,scattered clouds
288,Fort Nelson,CA,58.81,-122.70,74.79,73,40,2.3,smoke
289,Jumla,NP,29.27,82.18,63.64,96,95,2.66,overcast clouds
290,Seymchan,RU,62.88,152.43,45.88,56,47,11.97,scattered clouds
291,Norman Wells,CA,65.28,-126.83,82.44,39,1,5.75,smoke
292,Ibatiba,BR,-20.23,-41.51,56.3,76,62,3.44,broken clouds
293,Makubetsu,JP,45.37,141.82,72.32,94,71,7.63,broken clouds
294,Wajir,KE,1.75,40.06,75.54,57,68,17.4,broken clouds
295,Pacific Grove,US,36.62,-121.92,88.63,70,1,5.99,clear sky
296,Kangaba,ML,11.93,-8.42,74.28,91,90,4.54,light rain
297,Luwuk,ID,-0.95,122.79,75.42,77,50,5.3,scattered clouds
298,Nishihara,JP,26.18,127.76,80.26,97,75,13.8,broken clouds
299,Henties Bay,NA,-22.12,14.28,65.86,62,0,6.96,clear sky
300,Narsaq,GL,60.92,-46.05,53.82,89,92,7.05,overcast clouds
301,Boende,CD,-0.22,20.87,78.82,59,100,2.17,overcast clouds
302,Tevaitoa,PF,-16.78,-151.50,79.27,73,71,16.31,broken clouds
303,Waingapu,ID,-9.66,120.26,74.62,87,73,8.01,broken clouds
304,Panthersville,US,33.71,-84.27,90.01,42,75,11.5,broken clouds
305,Victoria,HK,22.29,114.16,84.38,90,100,1.01,light rain
306,Vikhorevka,RU,56.12,101.16,56.79,92,88,3.36,overcast clouds
307,Barbastro,ES,42.04,0.13,72.14,66,10,5.86,clear sky
308,Marsh Harbour,BS,26.54,-77.06,83.97,73,100,10.09,moderate rain
309,Zhangye,CN,38.93,100.45,65.21,61,82,2.64,broken clouds
310,Shache,CN,38.42,77.24,63.21,60,100,0.54,overcast clouds
311,Talara,PE,-4.58,-81.27,72.36,73,0,17.27,clear sky
312,Esperance,AU,-33.87,121.90,46.24,80,100,12.03,overcast clouds
313,Rudnogorsk,RU,57.26,103.75,54.19,81,100,2.55,overcast clouds
314,Kimbe,PG,-5.55,150.14,78.37,87,54,3.6,light rain
315,Toora-Khem,RU,52.47,96.11,46.47,93,5,1.59,clear sky
316,Sao Miguel Do Araguaia,BR,-13.28,-50.16,80.31,26,42,5.26,scattered clouds
317,Sioux Lookout,CA,50.10,-91.92,80.98,38,90,11.5,smoke
318,Nador,MA,35.17,-2.93,71.85,78,0,3.44,clear sky
319,Quatre Cocos,MU,-20.21,57.76,59.11,70,1,3.83,clear sky
320,Igrim,RU,63.19,64.42,55.63,96,97,3.47,overcast clouds
321,Riverton,US,40.52,-111.94,82.27,56,1,1.99,clear sky
322,Lagoa,PT,39.05,-27.98,72.12,91,4,4.7,clear sky
323,Kruisfontein,ZA,-34.00,24.73,48.88,93,0,5.66,clear sky
324,Aklavik,CA,68.22,-135.01,64.4,77,90,6.91,shower rain
325,Richards Bay,ZA,-28.78,32.04,64.24,82,95,3.62,light rain
326,Saint-Michel-Des-Saints,CA,46.68,-73.92,68.94,51,70,9.04,broken clouds
327,Chuy,UY,-33.70,-53.46,49.77,94,20,5.53,few clouds
328,Erdemli,TR,36.60,34.31,84.81,58,0,5.88,clear sky
329,Cidreira,BR,-30.18,-50.21,53.56,85,0,6.33,clear sky
330,Itoman,JP,26.12,127.67,80.98,96,40,11.5,scattered clouds
331,Cheney,US,47.49,-117.58,90.75,37,90,11.5,smoke
332,Guiratinga,BR,-16.35,-53.76,77.83,27,1,3.85,clear sky
333,Janossomorja,HU,47.79,17.14,65.8,64,83,4.85,broken clouds
334,Maceio,BR,-9.67,-35.74,72.84,100,75,6.91,broken clouds
335,Vitorino Freire,BR,-4.07,-45.17,79.92,42,52,4.14,broken clouds
336,Lumding,IN,25.75,93.17,75.06,97,100,2.08,light rain
337,Sergeyevka,KZ,53.88,67.42,62.42,70,78,4.59,broken clouds
338,Auki,SB,-8.77,160.70,78.62,81,38,5.82,scattered clouds
339,Chute-Aux-Outardes,CA,49.12,-68.40,66.51,72,75,12.66,broken clouds
340,Lodja,CD,-3.48,23.43,73.44,38,92,0.43,overcast clouds
341,Grand Gaube,MU,-20.01,57.66,59.4,63,1,4.38,clear sky
342,Altay,CN,47.87,88.12,62.11,42,0,5.28,clear sky
343,Wewak,PG,-3.55,143.63,79.18,87,64,8.57,broken clouds
344,Kanbe,MM,16.71,96.00,77.05,90,100,5.23,overcast clouds
345,Terrace Bay,CA,48.78,-87.10,65.82,71,63,13.27,broken clouds
346,Quang Ngai,VN,15.12,108.80,80.2,75,100,4.61,overcast clouds
347,Guaranesia,BR,-21.30,-46.80,67.17,48,80,2.68,broken clouds
348,Mariinsk,RU,56.21,87.75,56.73,98,61,3.91,broken clouds
349,La Rochelle,FR,46.17,-1.15,64.47,77,90,9.22,overcast clouds
350,Abalak,RU,58.13,68.59,60.98,74,97,4.83,overcast clouds
351,Carnarvon,AU,-24.87,113.63,46.47,47,0,11.5,clear sky
352,Jatiroto,ID,-7.88,111.12,71.71,95,48,4.92,scattered clouds
353,Manaus,BR,-3.10,-60.02,82.9,74,20,4.61,few clouds
354,Ekhabi,RU,53.51,142.97,54.93,87,100,11.12,overcast clouds
355,Berlevag,NO,70.86,29.09,48.15,76,0,0.0,clear sky
356,Windhoek,NA,-22.56,17.08,57.4,33,0,4.61,clear sky
357,Clara,IE,53.34,-7.61,56.52,98,88,3.87,overcast clouds
358,Gorontalo,ID,0.54,123.06,74.5,93,68,1.74,broken clouds
359,Ahipara,NZ,-35.17,173.17,54.55,83,11,28.77,few clouds
360,Lokomotivnyy,RU,53.01,60.57,65.71,60,31,2.59,scattered clouds
361,Novomichurinsk,RU,54.04,39.75,65.12,86,43,11.27,scattered clouds
362,Uribia,CO,11.71,-72.27,91.94,45,73,9.22,broken clouds
363,Alexandria,EG,31.22,29.96,79.34,78,0,5.75,clear sky
364,Mirabad,AF,30.44,61.84,87.91,11,0,21.74,clear sky
365,Dalby,AU,-27.18,151.27,60.98,93,99,1.01,overcast clouds
366,Komagane,JP,35.73,137.94,76.37,86,98,1.99,overcast clouds
367,Storsteinnes,NO,69.24,19.23,46.4,92,100,2.44,overcast clouds
368,Kharp,RU,66.80,65.81,51.33,84,96,6.71,overcast clouds
369,Birin,NP,26.89,88.07,63.86,90,100,3.22,overcast clouds
370,Belaya Gora,RU,68.53,146.42,51.24,45,6,9.04,clear sky
371,Yar-Sale,RU,66.83,70.83,54.9,94,100,5.48,overcast clouds
372,Votice,CZ,49.64,14.64,57.61,84,9,4.14,clear sky
373,Poroshkovo,UA,48.67,22.75,62.46,95,12,4.7,few clouds
374,Krasnogorsk,RU,55.82,37.32,70.18,88,75,8.95,broken clouds
375,Do Gonbadan,IR,30.36,50.80,86.09,23,0,0.0,clear sky
376,Absam,AT,47.30,11.50,57.49,94,75,2.3,broken clouds
377,Antalaha,MG,-14.90,50.28,65.43,90,5,5.55,clear sky
378,Provideniya,RU,64.38,-173.30,51.91,82,90,13.42,moderate rain
379,Axim,GH,4.87,-2.24,76.82,87,61,6.31,broken clouds
380,Pasni,PK,25.26,63.47,80.92,85,76,12.12,broken clouds
381,Byron Bay,AU,-28.65,153.62,64.35,90,94,9.24,overcast clouds
382,Taltal,CL,-25.40,-70.48,60.03,75,23,2.53,few clouds
383,Bathsheba,BB,13.22,-59.52,84.81,74,20,9.22,few clouds
384,Mnogovershinnyy,RU,53.94,139.92,50.43,98,100,5.32,overcast clouds
385,Balikpapan,ID,-1.27,116.83,76.23,89,100,7.09,overcast clouds
386,Karcsa,HU,48.31,21.81,64.71,69,9,5.03,clear sky
387,Manado,ID,1.49,124.85,75.97,94,20,2.3,few clouds
388,Margate,GB,51.38,1.39,62.04,73,100,1.01,overcast clouds
389,Boyuibe,BO,-20.42,-63.28,62.44,34,100,4.65,overcast clouds
390,Pita,GN,10.83,-12.58,71.51,98,79,1.14,broken clouds
391,Jiangdu,CN,32.43,119.56,78.89,96,4,6.06,light rain
392,Lagdo,CM,9.05,13.73,75.24,81,61,4.05,broken clouds
393,Kendari,ID,-3.94,122.50,72.91,92,30,3.13,scattered clouds
394,Chicama,PE,-7.84,-79.15,66.74,65,2,8.9,clear sky
395,Sherman,US,33.64,-96.61,89.69,56,40,13.8,scattered clouds
396,Half Moon Bay,US,37.46,-122.43,91.24,58,20,9.22,few clouds
397,Tukrah,LY,32.53,20.58,82.89,62,0,9.44,clear sky
398,Bilma,NE,18.69,12.92,95.94,13,14,11.39,few clouds
399,San Angelo,US,31.46,-100.44,88.65,51,1,5.01,clear sky
400,Lima,PE,-12.04,-77.03,63.14,72,75,6.91,broken clouds
401,Luderitz,NA,-26.65,15.16,66.81,37,0,1.83,clear sky
402,Sinnamary,GF,5.38,-52.95,78.49,84,55,8.19,broken clouds
403,Salinopolis,BR,-0.61,-47.36,78.94,76,71,8.28,broken clouds
404,Kalaleh,IR,37.38,55.49,76.6,83,0,0.0,clear sky
405,Ust-Omchug,RU,61.15,149.63,44.11,57,9,8.97,clear sky
406,Broome,US,42.25,-75.83,74.01,50,1,5.01,clear sky
407,Ilulissat,GL,69.22,-51.10,60.82,39,75,9.22,broken clouds
408,Zyryanka,RU,65.75,150.85,48.4,56,68,7.02,broken clouds
409,Gladstone,AU,-23.85,151.25,61.79,94,75,5.75,broken clouds
410,Redmond,US,47.67,-122.12,92.98,50,0,1.99,clear sky
411,Ponta Do Sol,PT,32.67,-17.10,73.0,76,8,6.96,clear sky
412,Reconquista,AR,-29.15,-59.65,56.16,43,0,6.64,clear sky
413,Shieli,KZ,44.17,66.75,84.31,25,36,8.63,scattered clouds
414,Praya,CV,14.92,-23.51,79.34,78,75,9.22,broken clouds
415,Atasu,KZ,48.68,71.64,73.11,40,9,8.68,clear sky
416,Namibe,AO,-15.20,12.15,69.1,82,85,2.19,overcast clouds
417,Harper,LR,4.38,-7.72,75.88,77,12,6.11,few clouds
418,Caravelas,BR,-17.71,-39.25,67.3,72,76,5.39,broken clouds
419,Kenora,CA,49.82,-94.43,81.79,38,1,11.5,smoke
420,Kisangani,CD,0.52,25.20,70.18,83,66,2.51,broken clouds
421,Nizhniy Kuranakh,RU,58.84,125.49,56.53,90,99,3.58,overcast clouds
422,Grand-Santi,GF,4.25,-54.38,75.13,92,91,2.35,overcast clouds
423,Santa Lucia,ES,27.91,-15.54,65.77,73,20,24.16,few clouds
424,Hamilton,US,39.18,-84.53,79.02,51,40,5.01,scattered clouds
425,Indramayu,ID,-6.33,108.32,77.16,77,48,7.18,scattered clouds
426,Rorvik,NO,64.86,11.24,52.16,71,97,10.87,overcast clouds
427,Mezen,RU,65.85,44.24,55.49,97,52,4.99,broken clouds
428,Havelock,US,34.88,-76.90,83.93,89,90,4.0,overcast clouds
429,Vanimo,PG,-2.67,141.30,78.66,86,97,5.82,overcast clouds
430,Batagay-Alyta,RU,67.80,130.41,63.88,33,0,2.51,clear sky
431,Can Tho,VN,10.03,105.78,78.39,86,100,9.31,overcast clouds
432,Mangla,PK,31.89,72.38,94.78,49,52,5.88,broken clouds
433,Podares,MK,41.61,22.54,79.03,26,0,3.71,clear sky
434,Tuskegee,US,32.42,-85.69,83.46,71,78,5.91,heavy intensity rain
435,Bongor,TD,10.28,15.37,75.25,83,85,4.29,light rain
436,Rantepao,ID,-2.97,119.90,66.38,99,80,0.87,light rain
437,Beringovskiy,RU,63.05,179.32,44.64,96,100,8.97,light rain
438,Pechenga,RU,69.53,31.17,49.06,95,29,2.35,scattered clouds
439,Chapais,CA,49.78,-74.85,64.18,60,100,10.31,overcast clouds
440,Natalio,PY,-26.72,-55.08,54.61,57,0,2.91,clear sky
441,Geraldton,AU,-28.77,114.60,43.21,93,3,10.36,clear sky
442,Kamenka,RU,51.32,42.77,75.56,42,30,2.39,scattered clouds
443,Kuliyapitiya,LK,7.47,80.04,80.28,91,100,6.44,light rain
444,Borgarnes,IS,64.54,-21.92,55.81,91,99,1.3,overcast clouds
445,Neijiang,CN,29.58,105.06,77.67,84,0,1.39,clear sky
446,Belmonte,BR,-15.86,-38.88,70.3,74,64,9.08,broken clouds
447,Kuching,MY,1.55,110.33,75.42,100,20,2.3,few clouds
448,Uzice,RS,43.86,19.85,65.95,94,0,0.0,clear sky
449,Vestmanna,FO,62.16,-7.17,49.12,93,90,6.91,overcast clouds
450,Chatellerault,FR,46.80,0.53,63.32,86,67,7.94,broken clouds
451,Kangaatsiaq,GL,68.31,-53.46,42.62,92,15,15.9,few clouds
452,Ponca City,US,36.71,-97.09,87.62,40,1,11.5,clear sky
453,Isangel,VU,-19.55,169.27,66.31,88,20,0.0,few clouds
454,El Alto,PE,-4.27,-81.21,69.46,75,21,19.39,few clouds
455,Lisala,CD,2.15,21.52,72.05,80,95,2.17,overcast clouds
456,Katsuura,JP,35.13,140.30,82.18,84,42,10.16,scattered clouds
457,Larsnes,NO,62.20,5.58,53.67,78,76,10.13,broken clouds
458,Fairbanks,US,64.84,-147.72,83.01,47,1,5.75,clear sky
459,Staunton,US,38.15,-79.07,82.94,34,40,6.91,scattered clouds
460,Japura,ID,-0.32,102.35,74.19,94,98,1.45,overcast clouds
461,Shakhovskaya,RU,56.03,35.51,59.95,81,73,16.8,broken clouds
462,Les Cayes,HT,18.20,-73.75,82.99,74,84,7.43,broken clouds
463,Snasa,NO,64.25,12.38,42.96,96,37,4.74,scattered clouds
464,Santa Cruz De La Palma,ES,28.68,-17.76,73.54,73,75,13.8,broken clouds
465,Magaria,NE,13.00,8.91,78.03,77,43,11.32,scattered clouds
466,Eirunepe,BR,-6.66,-69.87,84.65,41,12,2.68,few clouds
467,Lokachi,UA,50.74,24.65,58.75,93,15,7.27,few clouds
468,Waddan,LY,29.16,16.14,86.81,22,0,13.98,clear sky
469,Livingston,GB,55.90,-3.52,56.1,92,40,2.3,scattered clouds
470,Vestmannaeyjar,IS,63.44,-20.27,52.79,93,75,6.91,broken clouds
471,Karratha,AU,-20.74,116.85,59.04,26,6,17.38,clear sky
472,Grindavik,IS,63.84,-22.43,53.91,87,75,6.91,broken clouds
473,Nankana Sahib,PK,31.45,73.70,80.85,57,15,5.17,light rain
474,Mount Gambier,AU,-37.83,140.77,42.71,100,75,9.22,broken clouds
475,Burnie,AU,-41.07,145.92,49.01,90,100,6.22,light rain
476,Maumere,ID,-8.62,122.21,78.93,81,81,8.03,broken clouds
477,Shinpokh,PK,34.33,71.18,85.41,62,6,3.2,clear sky
478,Santa Barbara,US,34.73,-120.03,94.14,35,1,10.36,clear sky
479,Novodolinskiy,KZ,49.70,72.70,55.98,55,1,10.76,clear sky
480,North Bend,US,43.41,-124.22,76.24,86,1,17.27,clear sky
481,Brokopondo,SR,4.75,-55.17,78.78,79,49,2.71,light rain
482,Labuan,MY,5.28,115.24,80.96,83,20,5.01,few clouds
483,Gat,IL,31.61,34.76,85.41,47,0,4.32,clear sky
484,Umm Lajj,SA,25.02,37.27,89.11,46,5,0.54,clear sky
485,Deputatskiy,RU,69.30,139.90,44.98,53,6,5.75,clear sky
486,Black River,JM,18.03,-77.85,88.99,66,59,6.31,light rain
487,La Ronge,CA,55.10,-105.28,86.25,25,75,1.14,smoke
488,Hovd,MN,48.01,91.64,59.63,50,0,2.21,clear sky
489,Havre-Saint-Pierre,CA,50.23,-63.60,61.16,77,90,8.05,overcast clouds
490,Batemans Bay,AU,-35.72,150.18,54.91,74,69,8.16,broken clouds
491,Semporna,MY,4.48,118.61,75.4,80,60,5.35,heavy intensity rain
492,Pozo Colorado,PY,-23.49,-58.80,64.78,38,18,5.66,few clouds
493,Myrtle Beach,US,33.69,-78.89,88.09,74,1,8.05,clear sky
494,Longonjo,AO,-12.91,15.25,61.41,35,0,1.9,clear sky
495,Katangli,RU,51.71,143.23,53.28,93,100,12.73,overcast clouds
496,Hambantota,LK,6.12,81.12,79.14,94,0,9.22,clear sky
497,Ibicui,BR,-14.84,-39.99,61.93,81,72,1.86,broken clouds
498,Port Lincoln,AU,-34.73,135.87,51.64,62,65,18.99,broken clouds
499,Muzhi,RU,65.37,64.67,51.6,85,66,2.3,broken clouds
500,Arman,RU,59.70,150.17,52.95,49,0,10.76,clear sky
501,Cerro De Pasco,PE,-10.68,-76.27,43.54,53,11,11.21,few clouds
502,Peniche,PT,39.36,-9.38,67.75,88,31,17.87,scattered clouds
503,Salalah,OM,17.02,54.09,78.89,89,90,5.75,overcast clouds
504,Oshakati,NA,-17.78,15.68,64.42,29,0,11.21,clear sky
505,Saint-Leu,RE,-21.15,55.28,65.68,70,1,1.16,clear sky
506,Wamba,NG,8.93,8.60,70.74,95,97,2.75,light rain
507,Trebechovice Pod Orebem,CZ,50.20,15.99,60.35,97,8,1.01,clear sky
508,Waipawa,NZ,-41.41,175.52,48.83,82,100,12.86,overcast clouds
509,Uruzgan,AF,32.83,66.00,72.95,15,0,5.17,clear sky
510,San Fernando,PH,15.03,120.69,82.96,87,100,9.91,light rain
511,Pangnirtung,CA,66.15,-65.71,48.2,93,75,14.97,broken clouds
512,Chester,US,40.13,-75.87,80.83,56,20,1.01,few clouds
513,Asau,RO,46.43,26.40,67.28,94,23,3.44,light rain
514,Ocher,RU,57.89,54.72,62.94,91,99,1.63,overcast clouds
515,Haines Junction,CA,60.75,-137.51,73.35,43,94,1.14,light rain
516,Nusaybin,TR,37.08,41.22,88.11,27,9,3.31,clear sky
517,Nizhniy Ufaley,RU,55.92,59.98,59.36,86,71,4.0,broken clouds
518,Alice,US,27.75,-98.07,96.24,70,40,11.5,thunderstorm
519,Korla,CN,41.76,86.15,76.98,23,98,2.86,overcast clouds
520,Eyrarbakki,IS,63.86,-21.15,54.01,84,100,3.8,overcast clouds
521,Juegang,CN,32.32,121.19,81.99,91,0,10.71,light rain
522,Pastavy,BY,55.12,26.83,55.18,95,88,9.57,overcast clouds
523,Wuwei,CN,37.93,102.64,64.53,69,100,5.82,overcast clouds
524,Likasi,CD,-10.98,26.73,59.99,46,4,3.2,clear sky
525,Kishi,NG,9.08,3.85,71.24,94,100,4.56,overcast clouds
526,Krasnomayskiy,RU,57.62,34.41,61.32,94,80,15.99,broken clouds
527,San Rafael,AR,-34.62,-68.33,61.95,24,0,11.92,clear sky
528,Filadelfia,US,39.95,-75.16,83.32,46,40,3.0,scattered clouds
529,Almaznyy,RU,48.04,40.05,71.74,40,5,1.52,clear sky
530,Krasnoselkup,RU,65.70,82.47,60.53,86,99,9.08,overcast clouds
531,Sterling,US,39.01,-77.43,84.0,46,20,3.0,few clouds
532,Xinye,CN,32.52,112.35,75.0,79,4,8.23,clear sky
533,Zhengjiatun,CN,43.51,123.51,65.1,88,100,4.41,overcast clouds
534,Jena,DE,50.93,11.58,62.11,85,19,1.01,few clouds
535,Mutis,CO,6.23,-77.40,80.96,83,93,6.93,light rain
536,Lingsugur,IN,16.17,76.52,73.15,79,80,16.42,broken clouds
537,Marzuq,YE,14.40,46.47,82.65,49,98,6.62,overcast clouds
538,Alta Floresta,BR,-9.88,-56.09,87.6,26,53,5.73,broken clouds
539,Husavik,IS,66.04,-17.34,55.31,88,79,4.36,broken clouds
540,Aripuana,BR,-9.17,-60.63,82.65,35,12,2.21,few clouds
541,North Branch,US,45.51,-92.98,85.48,51,81,4.61,broken clouds
542,Areka,ET,7.07,37.70,60.62,85,74,1.61,broken clouds
543,Jalu,LY,29.03,21.55,88.75,24,0,10.07,clear sky
544,Salym,RU,60.06,71.48,54.88,98,95,4.74,overcast clouds
545,Buala,SB,-8.14,159.59,79.48,83,61,7.61,light rain
546,Ciudad Bolivar,VE,8.12,-63.55,76.55,86,99,5.14,overcast clouds
547,Klaksvik,FO,62.23,-6.59,50.92,86,100,11.32,overcast clouds
548,Bonthe,SL,7.53,-12.51,76.21,75,37,6.08,scattered clouds
549,Mawlaik,MM,23.63,94.42,74.98,99,87,0.94,overcast clouds
550,Ishigaki,JP,24.34,124.16,78.93,100,75,2.3,broken clouds
551,Shirokiy,RU,49.76,129.52,67.03,99,100,3.06,moderate rain
552,Nantucket,US,41.28,-70.10,78.94,66,1,16.11,clear sky
553,Garowe,SO,8.41,48.48,80.64,50,98,27.2,overcast clouds
554,Pochutla,MX,15.74,-96.47,90.82,61,87,6.87,overcast clouds
555,Abu Zabad,SD,12.35,29.25,76.19,75,100,10.38,overcast clouds
556,Placerville,US,38.73,-120.80,100.04,20,1,1.01,clear sky
557,Hurghada,EG,27.26,33.81,86.04,74,0,0.0,clear sky
558,Adre,TD,13.47,22.20,75.0,81,90,6.24,overcast clouds
559,Viernheim,DE,49.54,8.58,62.42,93,45,2.06,scattered clouds
560,Takoradi,GH,4.88,-1.76,76.84,84,48,7.56,scattered clouds
561,Ballina,AU,-28.87,153.57,64.36,94,90,5.75,overcast clouds
562,Yakeshi,CN,49.28,120.73,58.75,85,45,2.98,scattered clouds
563,Mayumba,GA,-3.43,10.66,72.52,92,27,3.53,scattered clouds
564,Kolda,SN,12.88,-14.95,77.31,94,40,4.61,scattered clouds
565,Nasriganj,IN,25.05,84.33,80.24,81,86,4.65,overcast clouds
566,Kiunga,PG,-6.12,141.29,71.19,91,80,2.95,broken clouds
567,Nivala,FI,63.92,24.97,51.69,81,100,6.17,light rain
568,Beloha,MG,-25.17,45.05,63.23,80,0,4.59,clear sky
569,Rio Grande,BR,-32.03,-52.10,55.51,91,10,7.54,clear sky
570,Colac,AU,-38.33,143.58,44.83,95,51,7.65,broken clouds
571,Meadow Lake,US,34.80,-106.54,85.6,39,87,8.23,overcast clouds
572,Tatawin,TN,32.93,10.45,92.28,60,10,5.44,clear sky
573,Krasnyye Tkachi,RU,57.49,39.76,71.42,70,36,15.61,heavy intensity rain
574,Las Matas De Farfan,DO,18.87,-71.52,81.03,66,98,4.7,overcast clouds
575,Zalantun,CN,48.00,122.72,60.12,90,100,6.44,moderate rain
576,Padang,ID,-0.95,100.35,75.25,83,100,4.0,overcast clouds
577,Yuncheng,CN,35.02,110.99,73.8,76,2,4.88,clear sky
578,Lugovoy,KZ,42.95,72.76,72.01,22,88,4.74,overcast clouds
579,Tagusao,PH,9.19,117.81,81.77,79,100,15.59,overcast clouds
580,The Valley,AI,18.22,-63.06,84.81,74,20,103.57,few clouds
581,Turayf,SA,31.67,38.66,82.65,32,0,11.5,clear sky
582,Synya,RU,65.37,58.04,54.37,96,89,4.14,overcast clouds
583,Bumba,CD,2.18,22.47,72.95,84,100,1.61,overcast clouds
584,Nava,MX,28.42,-100.77,84.99,72,97,8.48,overcast clouds
585,Coihaique,CL,-45.58,-72.07,48.81,49,20,0.0,few clouds
586,Amga,RU,60.90,131.96,60.93,83,100,7.47,overcast clouds
587,Ketchikan,US,55.34,-131.65,64.87,59,90,13.8,overcast clouds
588,Boden,SE,65.83,21.69,53.6,62,100,3.44,overcast clouds
589,Birobidzhan,RU,48.80,132.95,69.49,90,97,3.65,overcast clouds
590,Virginia Beach,US,36.85,-75.98,83.03,58,75,10.36,broken clouds
591,Faya,SA,18.39,42.45,66.31,73,100,10.47,overcast clouds
592,Dombarovskiy,RU,50.76,59.54,74.01,36,11,3.31,few clouds
593,Damnagar,IN,21.70,71.52,79.18,79,98,14.45,overcast clouds
594,Nikolsk,RU,53.72,46.07,70.34,54,39,8.21,scattered clouds
595,Powell River,CA,49.85,-124.54,79.0,60,20,8.05,few clouds
596,Khorixas,NA,-20.37,14.97,68.34,24,0,8.95,clear sky
597,Porto Walter,BR,-8.27,-72.74,85.69,34,6,2.77,clear sky
598,Opuwo,NA,-18.06,13.84,60.3,39,0,3.78,clear sky
599,Makakilo City,US,21.35,-158.09,82.72,52,20,13.8,few clouds
600,Guerrero Negro,MX,27.98,-114.06,85.21,45,12,12.06,few clouds
601,Coruripe,BR,-10.13,-36.18,72.01,88,34,10.74,scattered clouds
602,Port Blair,IN,11.67,92.75,81.59,83,99,21.32,overcast clouds
603,Sukhumi,GE,43.00,41.02,71.89,92,87,4.83,overcast clouds
604,Santa Luzia,BR,-19.77,-43.85,70.7,45,0,8.05,clear sky
605,Alekseyevka,RU,50.63,38.69,73.62,55,15,8.23,few clouds
606,Tungor,RU,53.38,142.96,54.57,88,100,9.37,overcast clouds
607,Orange,US,33.70,-117.77,111.04,46,20,1.99,smoke
608,Hirara,JP,24.80,125.28,81.72,83,93,12.93,overcast clouds
609,Kawalu,ID,-7.38,108.21,71.46,98,98,1.86,overcast clouds
610,Alice Town,BS,25.72,-79.30,85.14,72,100,10.74,overcast clouds
611,Raudeberg,NO,61.99,5.14,51.87,80,21,16.64,few clouds
612,Troitsko-Pechorsk,RU,62.71,56.20,55.09,97,6,2.89,clear sky
613,Acapulco,MX,16.86,-99.89,89.42,66,1,10.36,clear sky
614,Storforshei,NO,66.40,14.52,47.98,81,75,3.44,broken clouds
615,Tondi,IN,9.73,79.02,83.88,54,83,9.01,broken clouds
616,Jizan,SA,17.33,42.67,83.34,69,100,15.59,overcast clouds
617,Owo,NG,7.20,5.59,70.84,96,100,2.77,overcast clouds
618,Corn Island,NI,12.17,-83.04,81.88,82,88,17.25,overcast clouds
619,Vao,NC,-22.67,167.48,66.45,66,0,6.11,clear sky
620,Mantua,IT,45.17,10.78,70.75,84,51,1.99,broken clouds
621,Palmer,US,42.16,-72.33,79.56,49,20,1.99,few clouds
622,Cairns,AU,-16.92,145.77,69.94,80,75,6.91,broken clouds
623,Hami,CN,42.80,93.45,76.73,21,1,5.7,clear sky
624,Port Shepstone,ZA,-30.74,30.45,61.56,85,100,10.65,light rain
625,Santa Cruz,BO,-17.80,-63.17,73.11,24,0,4.72,clear sky
626,Kurumkan,RU,54.30,110.30,59.14,71,70,1.54,broken clouds
627,Ostroh,UA,50.33,26.51,57.0,94,80,6.29,broken clouds
628,Socorro,US,31.65,-106.30,93.45,37,75,6.91,broken clouds
629,Jidong,CN,45.22,131.08,72.63,73,38,3.4,scattered clouds
630,Bayeux,BR,-7.12,-34.93,74.03,94,75,8.05,broken clouds
631,Lebork,PL,54.54,17.75,60.35,86,2,10.36,clear sky
632,Gondanglegi,ID,-7.75,112.01,74.57,91,38,13.85,scattered clouds
633,Baracoa,CU,20.35,-74.50,83.35,75,100,7.11,overcast clouds
634,Immokalee,US,26.42,-81.42,92.98,54,77,10.92,light rain
635,Popondetta,PG,-8.75,148.25,78.39,75,77,1.81,broken clouds
636,Alihe,CN,50.57,123.72,60.39,92,96,2.33,overcast clouds
637,Stephenville Crossing,CA,48.50,-58.43,67.21,72,90,4.61,overcast clouds
638,Sovetskiy,RU,61.36,63.58,60.19,75,89,4.5,overcast clouds
639,Nakamura,JP,32.98,132.93,77.38,90,33,1.59,scattered clouds
640,Cumberland,US,35.05,-78.87,88.61,60,1,9.22,clear sky
641,Havoysund,NO,71.00,24.66,49.08,82,19,21.79,few clouds
642,Champerico,GT,14.30,-91.92,93.74,70,89,9.28,overcast clouds
643,Omsukchan,RU,62.53,155.80,35.24,95,99,7.52,light rain
644,Vidalia,US,32.22,-82.41,91.51,66,1,4.61,clear sky
645,Mehnagar,IN,25.88,83.12,80.62,85,72,4.76,broken clouds
646,Iracoubo,GF,5.48,-53.20,78.19,84,72,8.37,broken clouds
647,Palembang,ID,-2.92,104.75,73.63,96,98,3.78,overcast clouds
648,Vieques,PR,18.43,-65.83,84.24,70,75,4.61,broken clouds
649,Biltine,TD,14.53,20.92,80.53,70,89,7.72,overcast clouds
650,Isla Vista,US,34.41,-119.86,103.35,50,1,6.91,clear sky
651,Daru,PG,-9.08,143.21,77.4,72,98,9.1,overcast clouds
652,Aksarka,RU,66.56,67.80,53.74,84,98,5.7,overcast clouds
653,Shitanjing,CN,39.23,106.34,63.81,74,100,7.72,moderate rain
654,Coron,PH,12.00,120.20,81.05,84,100,12.44,overcast clouds
655,Newport,GB,51.59,-3.00,60.08,86,87,7.52,overcast clouds
656,Kununurra,AU,-15.77,128.73,73.38,49,66,5.75,broken clouds
657,Yatou,CN,37.15,122.38,73.06,90,6,2.75,clear sky
658,Bologoye,RU,57.88,34.11,60.76,95,60,16.2,light rain
659,Cascais,PT,38.70,-9.42,67.86,77,20,8.01,few clouds
660,Sembakung,ID,3.82,117.25,75.13,98,100,2.59,overcast clouds
661,Bulungu,CD,-4.55,18.60,74.7,23,59,1.63,broken clouds
662,Biak,ID,-0.91,122.88,74.88,79,58,6.78,broken clouds
663,Esil,KZ,51.96,66.40,69.53,50,76,5.97,broken clouds
664,Slonim,BY,53.09,25.32,54.84,95,41,6.6,scattered clouds
665,Ystad,SE,55.43,13.82,62.98,82,5,10.27,clear sky
666,San Nicolas,PH,18.17,120.60,84.11,89,90,14.97,thunderstorm with light rain
667,Ixtapa,MX,20.70,-105.20,89.22,70,40,11.5,scattered clouds
668,Sayyan,YE,15.17,44.32,59.61,76,100,5.06,overcast clouds
669,Lufilufi,WS,-13.87,-171.60,82.18,70,76,10.13,broken clouds
670,Vila Franca Do Campo,PT,37.72,-25.43,70.21,80,0,6.78,clear sky
671,Pereira Barreto,BR,-20.64,-51.11,71.71,41,2,6.04,clear sky
672,Saint-Paul,RE,-21.01,55.27,66.74,72,1,2.1,clear sky
673,Gomel,BY,52.43,30.98,64.38,82,0,15.66,clear sky
674,Douglas,US,41.30,-96.17,81.14,47,40,3.0,scattered clouds
675,Kroya,ID,-7.63,109.25,76.08,89,94,9.69,overcast clouds
676,Ljungby,SE,56.83,13.94,55.8,76,11,3.91,few clouds
677,Arawa,PG,-6.21,155.54,80.49,85,44,2.28,scattered clouds
678,Puerto Carreno,CO,6.19,-67.49,71.19,96,100,4.92,overcast clouds
679,Ruidoso,US,33.33,-105.67,76.96,65,40,1.01,scattered clouds
680,Plettenberg Bay,ZA,-34.05,23.37,56.07,75,3,3.76,clear sky
681,Laibin,CN,23.70,109.27,79.86,85,79,0.49,broken clouds
682,Upata,VE,8.01,-62.40,73.27,92,63,3.13,broken clouds
683,Baixo Guandu,BR,-19.52,-41.02,55.92,69,86,5.39,overcast clouds
684,Laje,BR,-10.18,-40.97,64.58,85,91,10.38,overcast clouds
685,Ponta Delgada,PT,37.73,-25.67,70.52,73,20,9.22,few clouds
686,Nokaneng,BW,-19.67,22.27,57.22,33,0,6.69,clear sky
687,Mizdah,LY,31.45,12.98,82.83,26,0,9.1,clear sky
688,Saint-Georges,GD,12.06,-61.75,85.68,70,20,11.5,few clouds
689,Cienfuegos,CU,22.15,-80.44,95.81,66,97,9.22,overcast clouds
690,Leh,IN,34.17,77.58,62.8,45,18,5.57,few clouds
691,Vilyuysk,RU,63.76,121.62,64.26,52,0,6.49,clear sky
692,Kitimat,CA,54.05,-128.65,77.38,34,11,4.9,few clouds
693,Teguldet,RU,57.31,88.17,53.01,88,88,3.36,overcast clouds
694,Todos Santos,MX,23.45,-110.22,99.3,73,98,5.97,overcast clouds
695,Lowestoft,GB,52.48,1.75,58.12,71,100,4.03,overcast clouds
696,Alyangula,AU,-13.85,136.42,64.27,100,75,3.44,broken clouds
697,Mecca,SA,21.43,39.83,86.99,52,59,9.44,broken clouds
698,Devaprayag,IN,30.15,78.62,76.91,97,55,0.76,broken clouds
699,Smolenka,RU,52.14,113.50,57.27,100,40,0.0,scattered clouds
700,Panjab,AF,34.39,67.02,55.15,40,3,4.99,clear sky
701,Mo I Rana,NO,66.31,14.14,48.67,88,75,3.44,broken clouds
702,Inhambane,MZ,-23.86,35.38,67.46,80,0,10.85,clear sky
703,Mayo,US,38.89,-76.51,83.41,59,20,5.01,few clouds
704,Yaan,NG,7.38,8.57,73.38,91,99,6.29,light rain
705,Springdale,US,36.19,-94.13,85.82,51,1,8.99,clear sky
706,Agramonte,CU,22.68,-81.12,72.03,66,73,9.37,light rain
707,Ust-Kuyga,RU,70.02,135.60,63.66,36,0,2.57,clear sky
